Workbook

Sheet Raw Data
A1: Size | B1: Ordering | C1: Trial | D1: Serial (s) | E1: Parallel (s)
A2: 100 | B2: Random | C2: 1 | D2: 3.67989e-05 | E2: 2.64351e-05
A3: 100 | B3: Random | C3: 2 | D3: 3.13492e-05 | E3: 2.51229e-05
A4: 100 | B4: Random | C4: 3 | D4: 0.000118629 | E4: 3.74108e-05
A5: 100 | B5: Random | C5: 4 | D5: 3.93558e-05 | E5: 2.57129e-05
A6: 100 | B6: Random | C6: 5 | D6: 3.8919e-05 | E6: 2.49888e-05
A7: 100 | B7: Increasing | C7: 1 | D7: 5.56e-07 | E7: 4.09782e-07
A8: 100 | B8: Increasing | C8: 2 | D8: 5.03846e-07 | E8: 4.82891e-07
A9: 100 | B9: Increasing | C9: 3 | D9: 4.88013e-07 | E9: 5.08968e-07
A10: 100 | B10: Increasing | C10: 4 | D10: 1.68523e-06 | E10: 1.61491e-06
A11: 100 | B11: Increasing | C11: 5 | D11: 5.03846e-07 | E11: 5.13624e-07
A12: 100 | B12: Decreasing | C12: 1 | D12: 3.07211e-05 | E12: 1.8694e-05
A13: 100 | B13: Decreasing | C13: 2 | D13: 3.75509e-05 | E13: 1.90334e-05
... A121: 100000 | B121: Decreasing | C121: 5 | D121: 16.6037 | E121: 11.6944

Sheet Averages
A1: Bubblesort Timing — 5-Run Averages (seconds)
A2: Size | B2: Ordering | C2: Serial Avg (s) | D2: Step 1 Avg (s) | E2: Step 2 Avg (s) | F2: Step 3 Avg (s) | G2: Serial vs Step1 | H2: Notes
A3: 100 | B3: Random | C3: =AVERAGE('Raw Data'!D2:D6) | D3: =AVERAGE('Raw Data'!E2:E6) | G3: =C3/D3
A4: 100 | B4: Increasing | C4: =AVERAGE('Raw Data'!D7:D11) | D4: =AVERAGE('Raw Data'!E7:E11) | G4: =C4/D4
A5: 100 | B5: Decreasing | C5: =AVERAGE('Raw Data'!D12:D16) | D5: =AVERAGE('Raw Data'!E12:E16) | G5: =C5/D5
A6: 500 | B6: Random | C6: =AVERAGE('Raw Data'!D17:D21) | D6: =AVERAGE('Raw Data'!E17:E21) | G6: =C6/D6
A7: 500 | B7: Increasing | C7: =AVERAGE('Raw Data'!D22:D26) | D7: =AVERAGE('Raw Data'!E22:E26) | G7: =C7/D7
A8: 500 | B8: Decreasing | C8: =AVERAGE('Raw Data'!D27:D31) | D8: =AVERAGE('Raw Data'!E27:E31) | G8: =C8/D8
A9: 1000 | B9: Random | C9: =AVERAGE('Raw Data'!D32:D36) | D9: =AVERAGE('Raw Data'!E32:E36) | G9: =C9/D9
A10: 1000 | B10: Increasing | C10: =AVERAGE('Raw Data'!D37:D41) | D10: =AVERAGE('Raw Data'!E37:E41) | G10: =C10/D10
A11: 1000 | B11: Decreasing | C11: =AVERAGE('Raw Data'!D42:D46) | D11: =AVERAGE('Raw Data'!E42:E46) | G11: =C11/D11
A12: 5000 | B12: Random | C12: =AVERAGE('Raw Data'!D47:D51) | D12: =AVERAGE('Raw Data'!E47:E51) | G12: =C12/D12
A13: 5000 | B13: Increasing | C13: =AVERAGE('Raw Data'!D52:D56) | D13: =AVERAGE('Raw Data'!E52:E56) | G13: =C13/D13
A14: 5000 | B14: Decreasing | C14: =AVERAGE('Raw Data'!D57:D61) | D14: =AVERAGE('Raw Data'!E57:E61) | G14: =C14/D14
A15: 10000 | B15: Random | C15: =AVERAGE('Raw Data'!D62:D66) | D15: =AVERAGE('Raw Data'!E62:E66) | G15: =C15/D15
A16: 10000 | B16: Increasing | C16: =AVERAGE('Raw Data'!D67:D71) | D16: =AVERAGE('Raw Data'!E67:E71) | G16: =C16/D16
A17: 10000 | B17: Decreasing | C17: =AVERAGE('Raw Data'!D72:D76) | D17: =AVERAGE('Raw Data'!E72:E76) | G17: =C17/D17
A18: 25000 | B18: Random | C18: =AVERAGE('Raw Data'!D77:D81) | D18: =AVERAGE('Raw Data'!E77:E81) | G18: =C18/D18
A19: 25000 | B19: Increasing | C19: =AVERAGE('Raw Data'!D82:D86) | D19: =AVERAGE('Raw Data'!E82:E86) | G19: =C19/D19
A20: 25000 | B20: Decreasing | C20: =AVERAGE('Raw Data'!D87:D91) | D20: =AVERAGE('Raw Data'!E87:E91) | G20: =C20/D20
A21: 50000 | B21: Random | C21: =AVERAGE('Raw Data'!D92:D96) | D21: =AVERAGE('Raw Data'!E92:E96) | G21: =C21/D21
A22: 50000 | B22: Increasing | C22: =AVERAGE('Raw Data'!D97:D101) | D22: =AVERAGE('Raw Data'!E97:E101) | G22: =C22/D22
A23: 50000 | B23: Decreasing | C23: =AVERAGE('Raw Data'!D102:D106) | D23: =AVERAGE('Raw Data'!E102:E106) | G23: =C23/D23
A24: 100000 | B24: Random | C24: =AVERAGE('Raw Data'!D107:D111) | D24: =AVERAGE('Raw Data'!E107:E111) | G24: =C24/D24
A25: 100000 | B25: Increasing | C25: =AVERAGE('Raw Data'!D112:D116) | D25: =AVERAGE('Raw Data'!E112:E116) | G25: =C25/D25
A26: 100000 | B26: Decreasing | C26: =AVERAGE('Raw Data'!D117:D121) | D26: =AVERAGE('Raw Data'!E117:E121) | G26: =C26/D26
